orderID,candidate_address,score,explanation
4723364,2480 Hitchcock Rd,2.000732898712158,"Based on the feature-level evaluation, the property at 2480 Hitchcock Rd is not a good comparable to the subject property at 1050 John F. Scott Rd. While it shares similarities in room count and bedroom differences, the differences in full and half baths negatively impact its comparability."
4723364,2738 Isle of Man Rd,1.3566951751708984,"Based on the feature-level evaluation, the property at 2738 Isle of Man Rd is not a good comparable for the subject property at 1050 John F. Scott Rd. The significant differences in room count, GLA (Gross Living Area), and absolute bedrooms negatively impact its comparability, outweighing the minor similarities in bath features."
4723364,1996 McFarlane Rd,-0.4489098787307739,"Based on the feature-level evaluation, the property at 1996 McFarlane Rd is not a good comparable for the subject property at 1050 John F. Scott Rd. The significant difference in room count, along with the negative impact of half baths and bedrooms differences, indicates that these properties are not similar in terms of key features that would make them good comparables."
4742669,2536 4 Ave NW,3.8794193267822266,"Based on the feature-level evaluation, the property at 2536 4 Ave NW is not a good comparable to the subject property at 504 37 St NW due to significant differences in room count and bedrooms. The differences in these key features may impact the overall comparability and accuracy of the appraisal."
4742669,523 35A St NW,3.5732338428497314,"Based on the feature-level evaluation, the property at 523 35A St NW is not a strong comparable to the subject property at 504 37 St NW. While it has similarities in room count and bedroom numbers, differences in bathroom features such as full baths and half baths negatively impact its comparability."
4742669,2425 3 Ave NW,2.985198497772217,"Based on the feature-level evaluation, the property at 2425 3 Ave NW is a decent comparable to 504 37 St NW due to similarities in bath count and room configuration. However, differences in the number of full and half baths slightly lower its comparability score."
4752865,1253 Adamson Dr SW,3.4281835556030273,"Based on the feature-level evaluation, 1253 Adamson Dr SW is not a good comparable for 8915 20 Ave SW due to significant differences in room count and bedrooms. These differences result in a lower overall score, indicating that the properties are not closely aligned in terms of key features."
4752865,3116 Winspear Cres SW,3.2226288318634033,"Based on the feature-level evaluation, the property at 3116 Winspear Cres SW is not a good comparable to the subject property at 8915 20 Ave SW due to significant differences in lot size. Additionally, the differences in room count and bedrooms may skew the comparison, affecting the overall similarity between the two properties."
4752865,716 40 St SW,1.5110477209091187,"Based on the model evaluation, the property at 716 40 St SW is not a good comparable to the subject property at 8915 20 Ave SW due to a significant difference in gross living area (GLA) which heavily impacted its score. Additionally, the higher room count and slightly different bedroom count may also contribute to the lack of comparability."
4755196,156 Aquarium Ave,3.704723834991455,"The property at 156 Aquarium Ave is a decent comparable to the subject property at 531 Des Genévriers Rue based on similar bathroom characteristics, although the difference in recent sale status slightly lowers its overall comparability score."
4755196,415 Hepatica Way,2.1503384113311768,"The property at 415 Hepatica Way is not a good comparable to the subject property at 531 Des Genévriers Rue due to significant differences in room count, absolute effective age, and slightly in full baths. These differences suggest that the properties may not be of similar value or appeal to potential buyers."
4755196,1959 Montclair Ave,0.41495275497436523,"Based on the feature-level evaluation, the property at 1959 Montclair Ave is not a strong comparable to the subject property at 531 Des Genévriers Rue due to significant differences in lot size and slightly lower similarity in bathroom features. The overall score of 0.41 indicates limited similarity between the two properties."
4756192,Unit 2602 - 510 6 Avenue SE,3.019770622253418,"The property at Unit 2602 - 510 6 Avenue SE is not a good comparable for the subject property at 2306-530 3 St SE due to significant differences in effective age. The effective age difference of 1.37 indicates that the properties have a substantial gap in their age or condition, impacting their comparability."
4756192,Unit 2608 - 530 3 Street SE,2.980984926223755,"Based on the feature-level evaluation, the property at Unit 2608 - 530 3 Street SE is not a strong comparable to the subject property at 2306-530 3 St SE. The minor differences in bathroom features slightly helped its ranking, but the negative impact from the differences in full and half baths detracted from its comparability."
4756192,3205-930 6 Ave SW,2.407128095626831,"Based on the features evaluated, the property at 3205-930 6 Ave SW is not a strong comparable to the subject property at 2306-530 3 St SE. The differences in the number of bedrooms and rooms, as well as the bath score, indicate significant discrepancies in the property characteristics, affecting its suitability as a comparable."
4756320,146 Allard Link SW,4.1772141456604,"Based on the feature-level evaluation, the property at 146 Allard Link SW is not a good comparable for the subject property at 405 Allard Blvd SW due to significant differences in room count and bedrooms. While there are minor similarities in bath-related features, the substantial variations in key aspects make this property less suitable for comparison."
4756320,3018 Arthurs Cres SW,3.6828131675720215,"Based on the feature-level evaluation, the property at 3018 Arthurs Cres SW is not a good comparable for the subject property at 405 Allard Blvd SW. While it has some similarities in terms of room count and bedrooms, the differences in lot size and bathroom features significantly impact its comparability."
4756320,645 Allard Blvd SW,3.6119682788848877,"Based on the feature-level evaluation, the property at 645 Allard Blvd SW is not a strong comparable to the subject property at 405 Allard Blvd SW. While it has similarities in room count and bedroom numbers, the differences in bathroom features such as full baths and half baths significantly impact its comparability score."
4756829,178 Joshua St,2.7353296279907227,"Based on the feature-level evaluation, the property at 178 Joshua St is not a good comparable to the subject property at 340 Axis Way. The absolute differences in bathroom score, number of full baths, and effective age negatively impact its comparability, outweighing the positive factors such as the similarity in bath score and number of half baths."
4756829,283 Falsetto St,2.4125583171844482,"Based on the feature-level evaluation, the property at 283 Falsetto St is not a good comparable for the subject property at 340 Axis Way. The significant differences in lot size, age, and recent sale status contribute to the lower score, indicating that the properties may not be similar enough to be considered good comparables."
4756829,783 Percifor Way,1.5577105283737183,"Based on the feature-level evaluation, the property at 783 Percifor Way is not a good comparable to the subject property at 340 Axis Way. The significant differences in room count and lot size, along with a slightly lower number of full baths, suggest that these properties are not similar enough to serve as reliable comparables."
4757939,3310 Centre St NE,3.692603588104248,"Based on the feature-level evaluation, the property at 3310 Centre St NE is not a good comparable for the subject property at 824 9A St NE. While it has similarities in room count and bedrooms, the significant difference in lot size negatively impacts its comparability."
4757939,632 12 Ave NE,3.3537869453430176,"Based on the feature-level evaluation, the property at 632 12 Ave NE is not a good comparable to the subject property at 824 9A ST NE due to significant differences in lot size and the number of full and half baths, which negatively impacted its score. The differences in these key features may lead to inaccurate valuation comparisons."
4757939,924 15 Ave NE,2.499140501022339,"The property at 924 15 Ave NE is not a good comparable for the subject property at 824 9A ST NE due to significant differences in lot size, which had a negative impact on its score. Additionally, the higher room count and bedroom count of the candidate property may not align well with the subject property, affecting the comparability."
4757966,206-88 Arbour Lake Rd NW,3.0212767124176025,"Based on the feature-level evaluation, the property at 206-88 Arbour Lake Rd NW is not a strong comparable to the subject property at 218 88 Arbour Lake Rd NW. While it has similarities in room count and bedroom differences, the lack of significant differences in bathroom features reduces its comparability."
4757966,215-88 Arbour Lake Rd NW,2.706597089767456,"Based on the feature-level evaluation, the property at 215-88 Arbour Lake Rd NW is not a good comparable to the subject property at 218 88 Arbour Lake Rd NW. Despite similarities in bedrooms and bathrooms, the significant difference in effective age negatively impacts its comparability."
4757966,2207-950 Arbour Lake Rd NW,1.8428035974502563,"Based on the feature-level evaluation, the property at 2207-950 Arbour Lake Rd NW is not a good comparable to the subject property at 218 88 ARBOUR LAKE RD NW. The significant differences in effective age and subject age indicate that these properties are not similar in terms of age, which is a crucial factor in determining comparability. Additionally, the negligible differences in bedroom count and negative differences in bathroom features further highlight the dissimilarity between the two properties."
4758025,4 Rockcliff Pt NW,3.879462242126465,"The property at 4 Rockcliff Pt NW is not a good comparable for the subject property at 2 Rockcliff Hts NW due to significant differences in room count and bedrooms, which have a high impact on the model's score. Additionally, the slight differences in lot size and bathroom features further reduce its comparability."
4758025,61 Rockford Rd NW,1.2188979387283325,"Based on the feature-level evaluation, the property at 61 Rockford Rd NW is not a good comparable for the subject property at 2 Rockcliff Hts NW due to significant differences in room count, which heavily impacted the model score. Additionally, disparities in half baths, bedrooms, and GLA further highlight the lack of similarity between the two properties."
4758025,1 Rock Lake Pt NW,1.0756347179412842,"Based on the feature-level evaluation, the property at 1 Rock Lake Pt NW is not a good comparable to the subject property at 2 Rockcliff Hts NW. Although they share similarities in full bath count and room count, the significant difference in lot size negatively impacts its comparability."
4758316,216-100 Auburn Meadows Manor SE,3.556871175765991,"Based on the feature-level evaluation, the property at 216-100 Auburn Meadows Manor SE is not a good comparable for the subject property at 119 110 Auburn Meadows View SE. While it shares similarities in room count and bedrooms, the differences in bathroom features negatively impact its comparability score, indicating it may not be a close match for the subject property."
4758316,105-22 Auburn Bay Link SE,2.6912763118743896,"Based on the feature-level evaluation, the property at 105-22 Auburn Bay Link SE is not a good comparable to the subject property at 119 110 Auburn Meadows View SE. The significant difference in effective age negatively impacts its comparability, outweighing the minor similarities in bath and bedroom counts."
4758316,411-25 Auburn Meadows Ave SE,2.370671033859253,"Based on the feature-level model evaluation, the property at 411-25 Auburn Meadows Ave SE is not a good comparable for the subject property at 119 110 Auburn Meadows View SE. The significant differences in effective age and subject age negatively impact its comparability, outweighing the minor similarity in the number of bedrooms."
4758324,20 Creekside Way,3.202399253845215,"Based on the feature-level evaluation, the property at 20 Creekside Way is not a good comparable to the subject property at 3 Bayview Lane. While it has similarities in room count and bedroom layout, the differences in bathroom features significantly affect its comparability, resulting in a lower model score."
4758324,102 Deeridge Rd,2.9805872440338135,"Based on the feature-level evaluation, the property at 102 Deeridge Rd is not a good comparable to the subject property at 3 Bayview Lane Queensland NS B0J1T0. The differences in room count and bedrooms negatively impact its similarity score, while the differences in bath-related features do not significantly contribute to its comparability."
4758324,5296 Highway 329,2.9390742778778076,"Based on the feature-level evaluation, the property at 5296 Highway 329 is not a good comparable for the subject property at 3 Bayview Lane Queensland NS B0J1T0. The differences in bathroom scores, number of half baths, and age of the subject property significantly impact its comparability, resulting in a lower overall model score of 2.94."
4758529,904-71 Simcoe St,3.2546169757843018,"The property at 904-71 Simcoe St is not a good comparable for the subject property at 915 140 Simcoe St due to significant differences in room count, which greatly impacts the model's score. Additionally, the slight differences in bathroom features do not outweigh the dissimilarity in room count."
4758529,2805-361 Front St W,3.0078725814819336,"Based on the feature-level evaluation, the property at 2805-361 Front St W is not a good comparable to the subject property at 915 140 SIMCOE ST due to significant differences in room count, full baths, and bedrooms. The differences in these key features resulted in a low model score of 3.01, indicating a poor match for comparison."
4758529,3103-126 Simcoe St,1.276909351348877,"Based on the feature-level evaluation, the property at 3103-126 Simcoe St is not a good comparable to the subject property at 915 140 Simcoe St. The significant difference in GLA (Gross Living Area) negatively impacts its comparability, despite some similarities in room count and bedroom numbers."
4758615,57 Morenz Terr,2.83323073387146,"Based on the feature-level evaluation, 57 Morenz Terr is not a good comparable to 82 Morenz Terrace due to significant differences in room count, which heavily impacted the model's score. Additionally, the effective age difference further indicates that these properties may not be similar in terms of age and overall condition."
4758615,90 Kinmount Pvt,1.0242884159088135,"Based on the feature-level evaluation, the property at 90 Kinmount Pvt is not a good comparable to the subject property at 82 Morenz Terrace. The differences in effective age, lot size, and subject age have a positive impact on its score, but the differences in bathroom features have a negative impact, leading to an overall score of 1.02, indicating that it is not a strong match for comparison."
4758615,41 Coulson Crt,0.834752082824707,"Based on the feature-level evaluation, **41 Coulson Crt** is not a good comparable for **82 Morenz Terrace**. While it has some similarities in room count and effective age, the differences in bathroom features significantly impact its comparability, resulting in a lower overall score of 0.83."
4758672,47 Denise Dr,3.533714771270752,"**47 Denise Dr** is not a good comparable for **23 Macfarlane St** due to significant differences in room count, which can greatly impact property value. Additionally, differences in half baths and gross living area further diminish its comparability."
4758672,6547 Highway 7,2.2447896003723145,"Based on the feature-level evaluation, the property at 6547 Highway 7 is not a good comparable for the subject property at 23 Macfarlane St Lake Echo NS B3E1M5. While it shares similarities in bathroom count and room count, the differences in half bathrooms and gross living area negatively impact its comparability."
4758672,1 Partridge Nest Dr,1.926316499710083,"Based on the feature-level evaluation, the property at 1 Partridge Nest Dr is not a good comparable for the subject property at 23 Macfarlane St. The differences in gross living area (gla), number of full baths, and the fact that it was not sold recently significantly affect its comparability."
4758996,156 Marquis Pl SE,3.467021942138672,"Based on the feature-level evaluation, the property at 156 Marquis Pl SE is not a good comparable for the subject property at 160 Marquis Pl SE. The differences in room count and bedrooms may have contributed to its higher score, but the lack of differences in bathroom features suggests that it may not be a close match in terms of overall property comparison."
4758996,1852 Meadowbrook Dr SE,3.4009790420532227,"Based on the feature-level evaluation, the property at 1852 Meadowbrook Dr SE is not a strong comparable to the subject property at 160 Marquis Pl SE due to significant differences in room count, bedrooms, and lot size. The differences in these key features likely impact the comparability of the two properties, reflected in its score of 3.40."
4758996,168 Marquis Pl SE,3.0396196842193604,"Based on the feature-level evaluation, the property at 168 Marquis Pl SE is not a good comparable for the subject property at 160 Marquis Pl SE. The differences in room count and absolute lot size are significant factors that impact the comparability between the two properties, resulting in a lower model score of 3.04."
4759024,85 Sage Hill Cres NW,-0.15628184378147125,"Based on the feature-level evaluation, the property at 85 Sage Hill Cres NW is not a good comparable to the subject property at 5 Lewiston Rd NE due to significant differences in effective age, subject age, and the number of half bathrooms. The high room count difference is the only positive factor, but the overall score of -0.16 indicates it is not a strong match."
4759024,18 Carrington Rd NW,-1.2810465097427368,"Based on the feature-level evaluation, the property at 18 Carrington Rd NW is not a good comparable for the subject property at 5 Lewiston Rd NE due to a significant difference in effective age (-0.55) which heavily impacts the overall score (-1.28). Additionally, the difference in half baths (-0.04) also contributes to its lower ranking."
4759024,275 Lucas Way NW,-3.341413974761963,"Based on the model evaluation, the property at 275 Lucas Way NW is not a good comparable to the subject property at 5 Lewiston Rd NE due to a significant difference in effective age (-0.77), which greatly impacted its score. Additionally, the difference in room count (0.46) may also indicate a substantial dissimilarity in property size or layout."
4759088,5 Willowdale Dr,2.796154022216797,"Based on the feature-level evaluation, the property at 5 Willowdale Dr is not a good comparable to the subject property at 70 Cliffview Lane due to significant differences in room count, as indicated by a high room_count_diff score of 0.61. Other minor differences in bathroom features also contribute to the dissimilarity between the two properties."
4759088,2 Willowdale Dr,2.045649290084839,"Based on the feature-level evaluation, the property at 2 Willowdale Dr is not a good comparable for the subject property at 70 Cliffview Lane due to significant differences in room count and gross living area, which negatively impacted its score."
4759088,137 Myers Point Rd,1.9938163757324219,"The property at 137 Myers Point Rd is not a good comparable for the subject property at 70 Cliffview Lane due to significant differences in Gross Living Area (GLA), which is a crucial factor in determining property value. The large difference in GLA (-0.42) between the two properties negatively impacts the comparability, making it less suitable for accurate valuation."
4759260,43 Summer Lane,3.8671555519104004,"Based on the feature-level evaluation, the property at 43 Summer Lane is not a good comparable to the subject property at 60 MILL LAKE RD. The significant difference in room count negatively impacts its comparability, outweighing the slight advantages in bathroom features."
4759260,7730 Highway 329,2.9973487854003906,"Based on the feature-level evaluation, the property at **7730 Highway 329** is not a strong comparable to the subject property at **60 MILL LAKE RD Number 2 Simms Settlement NS B0J1T0**. While it shares similarities in bath and room count, the differences in full baths and half baths detract from its overall comparability."
4759260,46 Highway 3,2.855813980102539,"The property at 46 Highway 3 is not a strong comparable for the subject property at 60 Mill Lake Rd. The slight differences in bathroom features and room count are not significant enough to outweigh the negative impact of the property not being sold recently, which significantly affects its overall score."
4759498,53 Armagh Way,3.610517740249634,"Based on the feature-level evaluation, the property at 53 Armagh Way is not a good comparable for the subject property at 40 Tierney Dr. The differences in room count and half baths significantly impact the comparability, while the slight differences in full baths and recent sales activity further diminish its suitability as a comparable property."
4759498,393 Stoneway Dr,2.838029623031616,The property at 393 Stoneway Dr is not a good comparable for the subject property at 40 Tierney Dr due to significant differences in lot size and absolute differences in bathroom scores and full baths. The differences in these key features impact the overall comparability between the two properties.
4759498,24 Avonhurst Ave,2.3770434856414795,"Based on the feature-level evaluation, the property at 24 Avonhurst Ave is not a good comparable for the subject property at 40 Tierney Dr. The absolute difference in bathroom scores and the fact that it sold recently negatively impact its comparability."
4759512,4 Piers Ave,3.5555500984191895,"The property at 4 Piers Ave is not a good comparable to the subject property at 23 WALTON DR due to significant differences in gross living area (GLA) and room count. While it shares similarities in bathroom features, the substantial variation in GLA and room count would likely result in a less accurate comparison."
4759512,44 Walton Dr,3.4091899394989014,"Based on the feature-level evaluation, the property at 44 Walton Dr is not a good comparable for the subject property at 23 Walton Dr. The differences in bath scores and the absolute full bath count negatively impact its ranking, indicating significant dissimilarities in key features compared to the subject property."
4759512,34 Craigmore Dr,3.1529433727264404,"Based on the feature-level evaluation, the property at 34 Craigmore Dr is not a good comparable to the subject property at 23 Walton Dr. The significant difference in the room count and GLA (Gross Living Area) between the two properties likely make them not directly comparable in terms of size and layout."
4759561,73 Prince Albert Rd,3.082871675491333,"The property at 73 Prince Albert Rd is not a good comparable to the subject property at 47 Pleasant St due to significant differences in gross living area (GLA), number of bedrooms, and half baths. The substantial room count difference also affects its comparability, resulting in a lower model score of 3.08."
4759561,135 Hawthorne St,2.235835075378418,"Based on the model evaluation, the property at 135 Hawthorne St is not a good comparable for the subject property at 47 Pleasant St due to significant differences in gross living area (GLA), room count, and a higher bath score difference. These differences indicate that the properties may not be similar in terms of size and layout, potentially affecting their comparability."
4759561,85/87 Pleasant Street,-0.881066620349884,"Based on the feature-level evaluation, 85/87 Pleasant Street is not a good comparable for the subject property at 47 Pleasant St Dartmouth. The significant difference in GLA (Gross Living Area) and absolute bath score between the two properties greatly impacts their comparability, outweighing the similarities in bath count and room count."
4759562,177 Melrose Cres,4.275368690490723,"**177 Melrose Cres** is a decent comparable for **10 Heritage Hills Dr** due to its minimal differences in bathroom count compared to the subject property. The small variations in bath-related features contribute positively to its score of 4.28, indicating it may be a suitable comparable for the subject property."
4759562,49 Peter Crt,3.6814236640930176,"**49 Peter Crt** is not a good comparable for **10 Heritage Hills Dr** due to the differences in the number of bedrooms and rooms, which contributed positively to its score. However, the differences in the number of full baths and half baths had a negative impact on its ranking, indicating it may not be the best match for the subject property."
4759562,1702 Caldwell Rd,3.453986406326294,"Based on the feature-level evaluation, the property at 1702 Caldwell Rd is not a strong comparable for the subject property at 10 Heritage Hills Dr due to a slight difference in the number of half baths and it not being sold recently, which negatively impacts its score."
4759604,94 Tamarack Dr,3.1707630157470703,"Based on the feature-level evaluation, the property at 94 Tamarack Dr is not a good comparable for the subject property at 283 OSBORNE ST. The differences in room count and half baths significantly impact the comparability, while discrepancies in bath score and GLA further highlight the lack of similarity between the two properties."
4759604,45 Ridgestone Crt,3.0947327613830566,"The property at 45 Ridgestone Crt is not a good comparable to the subject property at 283 Osborne St due to significant differences in room count and bath score, which greatly impact the comparability based on the feature-level evaluations."
4759604,23 White Dove Crt,3.0032286643981934,"The property at 23 White Dove Crt is not a good comparable to the subject property at 283 OSBORNE ST due to significant differences in the number of bathrooms, specifically in the bath_score_diff feature, which negatively impacted its ranking in the model evaluation. Additionally, the differences in full baths and absolute full bath count further diminish its comparability to the subject property."
4759647,1 Virginia Dr,3.4750704765319824,"Based on the feature-level evaluation, 1 Virginia Dr is not a great comparable for the subject property at 201 Halfway Lake Dr. While it shares similarities in bathroom count and room count, the differences in full bath count, absolute age difference, and recent sale status negatively impact its comparability. The model's score of 3.48 indicates that it falls short of being a strong match."
4759647,209 Glen Arbour Way,3.110915184020996,"Based on the feature-level evaluation, the property at 209 Glen Arbour Way is not a good comparable for the subject property at 201 Halfway Lake Dr. The differences in absolute bedrooms and gross living area, as well as the fact that 209 Glen Arbour Way did not sell recently, significantly impact its comparability to the subject property."
4759647,1693 White Hills Run,1.8099733591079712,"The property at 1693 White Hills Run is not a good comparable for the subject property at 201 Halfway Lake Dr due to a significant difference in gross living area (GLA) and a lack of recent sales data, which are crucial factors in determining comparability. Additionally, the absolute difference in the number of bedrooms did not impact the comparability significantly."
4759723,334 Shadehill Cres,3.2579500675201416,"Based on the feature-level evaluation, the property at 334 Shadehill Cres is not a good comparable to the subject property at 5 Golflinks Dr. The differences in lot size and the fact that the property did not sell recently negatively impact its comparability."
4759723,142 Chenoa Way,2.2104921340942383,"Based on the feature-level evaluation, the property at 142 Chenoa Way is not a good comparable to the subject property at 5 Golflinks Dr. Although it shares similarities in terms of room count, the differences in bath-related features and lot size significantly impact its comparability."
4759723,100 Brambling Way,1.984700083732605,"Based on the feature-level evaluation, the property at 100 Brambling Way is not a good comparable to the subject property at 5 Golflinks Dr. The differences in lot size, bath score, and full baths negatively impact its suitability as a comparable property, despite some similarities in room count and bedrooms."
4759846,40 Kingston Cres,3.962482452392578,"Based on the feature-level evaluation, the property at 40 Kingston Cres is a good comparable to the subject property at 54 Kingston Cres. The small differences in bathroom count and bath score contribute positively to its ranking, indicating strong similarity in these key features."
4759846,36 Mount Pleasant Ave,2.761664390563965,"Based on the model evaluation, the property at 36 Mount Pleasant Ave is not a good comparable to the subject property at 54 Kingston Cres. The differences in the number of bedrooms and recent sale status significantly impact its comparability, despite some similarities in bathroom features."
4759846,2 Lawnsdale Dr,0.6628917455673218,"Based on the feature-level evaluation, the property at 2 Lawnsdale Dr is not a good comparable for the subject property at 54 Kingston Cres. The differences in bath score, half baths, and subject age significantly impact the comparability, resulting in a lower overall model score of 0.66."
4760530,11 Union St,2.0347352027893066,"The property at 11 Union St is not a good comparable for the subject property at 3435 Vandorf Siderd Stouffville ON L4A4H5 due to differences in the absolute value of bathroom score, full bath count, and half bath count, which significantly impacted its model score negatively."
4760530,3948 Vandorf Siderd,1.6496819257736206,"Based on the feature-level evaluation, the property at 3948 Vandorf Siderd is not a good comparable for the subject property at 3435 Vandorf Siderd Stouffville. The differences in lot size, absolute age, and recent sale status negatively impact the comparability, outweighing the similarities in bathroom count."
4760530,9 Elias Snider Crt,1.0090192556381226,"Based on the feature-level evaluation, the property at 9 Elias Snider Crt is not a good comparable to the subject property at 3435 Vandorf Siderd Stouffville due to significant differences in room count, bedrooms, and full baths. The effective age difference also suggests potential disparities in overall property condition or updates."
4760630,133 William St,-0.19855374097824097,"Based on the feature-level evaluation, the property at 133 William St is not a good comparable to the subject property at 118 Colborne St. While it shares similarities in terms of bedroom count and effective age, differences in bathroom features significantly impact its comparability, resulting in a lower model score."
4760630,297 University Ave,-0.7441708445549011,"**297 University Ave** is not a good comparable for **118 Colborne St** based on the model evaluation. While it shares similarities in the number of bedrooms and bathrooms, the significant difference in room count and the negative impact of bath score difference suggest that the two properties are not closely aligned in terms of overall features and amenities."
4760630,368 Barrie St,-1.291398525238037,"Based on the feature-level evaluation, the property at 368 Barrie St is not a good comparable to the subject property at 118 Colborne St. The differences in bath scores, number of full baths, and half baths negatively impact its comparability, outweighing the positive factors such as effective age difference and GLA difference."
4760651,4 Victoria Dr,3.678164005279541,"Based on the feature-level evaluation, the property at 4 Victoria Dr is not a strong comparable to the subject property at 92 Armcrest Dr. The significant differences in room count and half baths negatively impact its comparability, despite having a somewhat favorable bath score difference. Additionally, the fact that the property has not sold recently further diminishes its relevance as a comparable."
4760651,9 Penstock Crt,3.6730120182037354,"Based on the feature-level evaluation, the property at 9 Penstock Crt is a fair comparable to the subject property at 92 Armcrest Dr. The similar number of half baths and room count between the two properties positively contribute to its comparability, but the slight difference in full baths slightly affects its suitability."
4760651,57 Taleen Dr,3.122715950012207,"The property at 57 Taleen Dr is not a good comparable for the subject property at 92 Armcrest Dr due to the significant differences in the sold date, which negatively impacts its ranking. Other minor differences in bathroom count do not outweigh this disparity."
4760900,90 Corner Ridge Mews NE,3.5405187606811523,"Based on the feature-level evaluation, **90 Corner Ridge Mews NE** is not a good comparable for **1083 Cornerstone St NE**. The significant differences in room count and bedrooms make it less suitable, even though the properties share similarities in bath count. The noticeable discrepancy in lot size also contributes to its lower score, indicating it may not accurately reflect the subject property's value."
4760900,312 Redstone Ave NE,3.499894142150879,"The property at 312 Redstone Ave NE is not a good comparable to the subject property at 1083 Cornerstone St NE due to significant differences in room count and bedrooms, which greatly impact the comparability score. Additionally, the differences in lot size further detract from its suitability as a comparable."
4760900,1059 Cornerstone St NE,2.1000943183898926,"Based on the feature-level evaluation, the property at 1059 Cornerstone St NE is not a good comparable for the subject property at 1083 Cornerstone St NE. While it shares similarities in bath and bedroom count, the significant difference in effective age and room count negatively impact its comparability."
4761220,74 Gianmarco Way,3.2702341079711914,"Based on the model evaluation, the property at 74 Gianmarco Way is not a good comparable for the subject property at 11 Bashir St. The differences in lot size and the absolute value of bath score and number of full baths negatively impacted its ranking, indicating significant dissimilarities between the two properties."
4761220,20 Del Francesco Way,2.985048294067383,"Based on the feature-level evaluation, the property at 20 Del Francesco Way is not a strong comparable to the subject property at 11 Bashir St Maple ON L6A3A3. The differences in lot size and recent sale status negatively impact its score, indicating it may not provide an accurate comparison for the subject property."
4761220,3 Blackthorn Dr,2.6946327686309814,"Based on the feature-level evaluation, the property at 3 Blackthorn Dr is not a good comparable for the subject property at 11 Bashir St. While there are some similarities in the bathroom count, the differences in lot size and recent sale status significantly impact its comparability."
4761433,107 Ahmadi Cres,1.7532278299331665,"Based on the feature-level evaluation, the property at 107 Ahmadi Cres is not a good comparable to the subject property at 1368 Shore Dr. This is indicated by the large negative impact of the room_count_diff feature on the model score, suggesting significant dissimilarity in the number of rooms between the two properties."
4761433,428 Heddas Way,1.7049784660339355,"The property at 428 Heddas Way is not a good comparable for the subject property at 1368 Shore Dr due to a significant difference in gross living area (GLA). The model gave it a score of 1.70, indicating that while some similarities exist in bathroom features, the substantial difference in GLA negatively impacts its comparability."
4761433,158 Eaglewood Dr,1.4389803409576416,"Based on the feature-level evaluation, the property at 158 Eaglewood Dr is not a good comparable for the subject property at 1368 Shore Dr. The significant difference in gross living area (GLA) and the absence of half baths in the candidate property greatly affect its comparability to the subject property."
4761446,891 Safari Dr,1.168379545211792,"Based on the feature-level evaluation, the property at 891 Safari Dr is not a good comparable for the subject property at 5004 Fox Run Pl. While there are similarities in bath and bedroom counts, the significant difference in room count and effective age negatively impact its comparability."
4761446,868 Roshan Dr,0.799447774887085,"The property at 868 Roshan Dr is not a good comparable for the subject property at 5004 Fox Run Pl. While the effective age difference and subject age difference are somewhat similar, the differences in bath score, room count, and full baths make it less suitable for comparison."
4761446,871 Crestwood Ave,-0.5184438228607178,"Based on the feature-level evaluation, the property at 871 Crestwood Ave is not a good comparable to the subject property at 5004 Fox Run Pl. The differences in room count, full baths, and half baths significantly impact the comparability, resulting in a low model score of -0.52."
4761696,225 Lift Lane,3.8474862575531006,"Based on the model evaluation, the property at 225 Lift Lane is not a good comparable to the subject property at 11 Bermondsey Way. While it shares similarities in room count and bedroom differences, the lack of differentiation in bathroom features significantly impacts its comparability."
4761696,514 Triangle St,3.317105770111084,"Based on the feature-level evaluation, the property at 514 Triangle St is not a good comparable for the subject property at 11 Bermondsey Way. While there are similarities in the number of bathrooms and bedrooms, the difference in lot size negatively impacts its comparability, resulting in a lower model score."
4761696,655 Allied Mews,2.795809030532837,"Based on the feature-level evaluation, the property at 655 Allied Mews is not a good comparable for the subject property at 11 Bermondsey Way. The significant difference in effective age negatively impacts its comparability, outweighing any minor similarities in bath and bedroom counts."
4762154,401-11 Springvale Ave,3.6323788166046143,"Based on the feature-level evaluation, the property at 401-11 Springvale Ave is a decent comparable to the subject property at 306 11 Springvale Ave due to similarities in bathroom count and room distribution. However, the slight differences in full and half bath count may slightly impact its comparability."
4762154,111-11 Springvale Ave,3.1928858757019043,"Based on the feature-level evaluation, the property at 111-11 Springvale Ave is not a good comparable for the subject property at 306 11 Springvale Ave. The differences in gross living area, half bath count, and absolute half bath count negatively impact its comparability, outweighing the similarities in room count and bath score."
4762154,306-79 Bedros Lane,3.033327102661133,"Based on the feature-level evaluation, the property at 306-79 Bedros Lane is not a good comparable to the subject property at 306 11 SPRINGVALE AVE. The significant difference in effective age negatively impacts its comparability, despite similarities in bath and bedroom counts."
4762330,118 Sandpiper Pk,3.1859970092773438,"Based on the feature-level evaluation, the property at 118 Sandpiper Pk is not a good comparable for the subject property at 229 Sandpiper Cres. While there are similarities in room count and bedroom numbers, the lack of differences in bathroom features suggests that this property may not accurately reflect the subject property's value."
4762330,109 Kinniburgh Cove,3.051063060760498,"Based on the feature-level evaluation, **109 Kinniburgh Cove** is not a good comparable to **229 SANDPIPER CRES**. While it has some similarities in terms of bathroom count and room count, the significant difference in the absolute effective age negatively impacts its comparability."
4762330,19 Sandpiper Bend,2.6055853366851807,"Based on the feature-level evaluation, the property at 19 Sandpiper Bend is not a good comparable to the subject property at 229 Sandpiper Crescent. While it shares similarities in terms of room count, the differences in bathroom configuration and bedroom count impact its comparability negatively."
4762406,401 Viewmount Dr,1.244979977607727,"The property at 401 Viewmount Dr is not a good comparable for the subject property at 164 Redmonds Rd due to significant differences in gross living area (GLA) and room count. These differences heavily impacted the model's score, indicating that 401 Viewmount Dr may not accurately represent the subject property."
4762406,2 Crouchers Point Rd,1.1443145275115967,"Based on the feature-level evaluation, the property at 2 Crouchers Point Rd is not a good comparable for the subject property at 164 Redmonds Rd. While it shares similarities in bathroom features and effective age, differences in full baths, room count, and bedrooms negatively impact its comparability, resulting in a low model score of 1.14."
4762406,58 Blind Bay Dr,-0.017751717939972878,"Based on the feature-level model evaluation, the property at 58 Blind Bay Dr is not a good comparable for the subject property at 164 Redmonds Rd due to significant differences in bedrooms, bath score, and half baths, which negatively impact its overall score. The substantial disparity in these key features indicates that the properties may not be similar in terms of size and amenities."
4762597,930 Amberdale Cres,3.9822280406951904,"The property at 930 Amberdale Cres is not a good comparable for the subject property at 142-950 Oakview Ave due to significant differences in bathroom features, which negatively impacted its score. Additionally, the room count and bedroom differences do not fully compensate for the dissimilarity in bathroom amenities."
4762597,771 Ashwood Dr,3.5355801582336426,"Based on the feature-level evaluation, the property at 771 Ashwood Dr is not a strong comparable for the subject property at 142-950 Oakview Ave. While it has similarities in terms of room count and bathroom features, the lack of recent sale activity and differences in half baths may significantly impact its comparability."
4762597,995 Amberdale Cres,3.359933853149414,"Based on the model evaluation, the property at 995 Amberdale Cres is not a strong comparable to the subject property at 142-950 Oakview Ave. While it shares similarities in room count and bedrooms, differences in bathroom features and overall bath score contribute to its lower ranking."
4762739,270 Quinlan Dr,3.9926230907440186,"Based on the feature-level evaluation, the property at 270 Quinlan Dr is not a good comparable to the subject property at 7180 207 HWY Halifax NS B0J2L0. While there are similarities in the number of full baths and room count, the differences in half baths and absolute half bath differences significantly impact its comparability."
4762739,85 Oceanic Dr,3.958026647567749,"Based on the feature-level evaluation, the property at 85 Oceanic Dr is not a good comparable to the subject property at 7180 207 HWY Halifax NS B0J2L0. While it shares similarities in bath score and room count, the differences in full baths and half baths contribute to its lower score, indicating it may not be a suitable match for comparison."
4762739,64 Deermist Dr,3.883307695388794,"The property at 64 Deermist Dr is not a good comparable for the subject property at 7180 207 HWY Halifax NS B0J2L0 due to significant differences in the absolute effective age, room count, and half baths. Despite some similarities in the number of full baths, the dissimilarities in these key features make it less suitable for comparison."
4763065,3219 Roseville Rd,1.788640022277832,"Based on the feature-level evaluation, the property at 3219 Roseville Rd is not a good comparable to the subject property at 11 PAUL AVE. Although it has similarities in room count, the differences in half baths and bedrooms, as well as the small difference in bath score, make it less suitable for comparison."
4763065,13 James Crt,1.3412220478057861,"Based on the feature-level evaluation, the property at 13 James Crt is not a good comparable for the subject property at 11 PAUL AVE due to significant differences in lot size, which had a negative impact on the overall score. Additionally, the difference in room count positively impacted the score, but the slight differences in bath count did not contribute significantly to the comparability."
4763065,6 Marshall Ave,0.9257988929748535,"Based on the feature-level evaluation, the property at 6 Marshall Ave is not a good comparable for the subject property at 11 PAUL AVE due to significant differences in gross living area (GLA), room count, and half bath count. The differences in these key features resulted in a lower overall score of 0.93, indicating that the properties are not closely aligned in terms of key characteristics."
4763086,36 Stonewalk Dr,2.513824462890625,"Based on the feature-level evaluation, the property at 36 Stonewalk Dr is not a good comparable for the subject property at 102 Stonewalk Dr. The differences in lot size, room count, and the half bath feature significantly impacted its score negatively, indicating that it is not closely aligned with the subject property in terms of these key features."
4763086,56 Stonewalk Dr,2.0429322719573975,"Based on the model evaluation, **56 Stonewalk Dr** may not be a good comparable for **102 Stonewalk Dr** due to minimal differences in bathroom features, which are crucial for accurate comparisons in the appraisal process. The slight differences in room count may not be enough to outweigh the lack of significant disparities in bathroom amenities."
4763086,339 Pinehill Rd,0.8520745635032654,"The property at 339 Pinehill Rd is not a good comparable for the subject property at 102 Stonewalk Dr due to significant differences in room count, full baths, and half baths, which impact the overall score. The minor differences in bath_score and bedrooms do not outweigh the disparities in key features."
4763087,313-79 Bedros Lane,3.5852136611938477,"Based on the feature-level evaluation, the property at 313-79 Bedros Lane is not a good comparable to the subject property at 407 105 Dunbrack St. The significant difference in room count and subject property age negatively impact its comparability, resulting in a lower model score of 3.59."
4763087,210-40 Regency Park Dr,3.3456952571868896,"Based on the feature-level evaluation, 210-40 Regency Park Dr is not a good comparable for the subject property at 407 105 Dunbrack St. Although there are some similarities in the number of full baths and room count, the differences in half baths and bedroom count significantly impact its comparability, resulting in a lower model score of 3.35."
4763087,Unit 503 78 Regency Park Drive,2.9208269119262695,"The property at Unit 503 78 Regency Park Drive is not a good comparable to the subject property at 407 105 Dunbrack St due to significant differences in room count, which heavily impacts the model's evaluation score. Other factors like bathroom count also differ, making it less suitable for comparison."
4763606,1-150 Broadway,1.8208467960357666,"The property at 1-150 Broadway is not a good comparable for the subject property at 60 Keystone Trail due to significant differences in effective age, subject age, and gross living area. Despite similarities in bathrooms, these key factors negatively impact its comparability with the subject property."
4763606,21-4552 Portage Rd,1.6704444885253906,"The property at 21-4552 Portage Rd is not a good comparable for the subject property at 60 Keystone Trail due to significant differences in effective age and subject age, which heavily impacted the model's score. Additionally, the large discrepancy in half baths negatively affected its ranking as a comparable property."
4763606,14-96 Welland Rd,1.4397238492965698,"Based on the feature-level evaluation, the property at 14-96 Welland Rd is not a good comparable for the subject property at 60 Keystone Trail. The significant difference in effective age, subject age, and the presence of a notable number of half baths negatively impact its comparability, reflected in the model score of 1.44."
4763898,13 Chestnut Lane,4.124600887298584,"Based on the feature-level evaluation, the property at 13 Chestnut Lane is not a good comparable for the subject property at 70 Joffre St Dartmouth NS B2Y3C9. While it has similarities in bath_score_diff, full_baths_diff, and room_count_diff, the differences in half_baths and abs_half_bath features significantly impacted its ranking negatively."
4763898,9 Chittick Ave,3.621666431427002,"Based on the feature-level evaluation, the property at 9 Chittick Ave is not a strong comparable to the subject property at 70 Joffre St due to significant differences in room count and a negative impact from the lack of recent sales data, which resulted in a model score of 3.62."
4763898,27 Cranston Ave,3.4727718830108643,"Based on the feature-level evaluation, the property at 27 Cranston Ave is not a good comparable for the subject property at 70 Joffre St. The significant difference in room count negatively impacts its comparability, outweighing the minor similarities in bathroom features."
4764028,2 Brigadier Pvt,1.4322947263717651,"Based on the feature-level evaluation, the property at 2 Brigadier Pvt is not a good comparable to the subject property at 2 Forsey St due to significant differences in lot size, room count, and bath score. The negative impact of these differences on the model score suggests that they are not similar enough to be considered good comparables."
4764028,366 Bruyère St,1.3043216466903687,"Based on the feature-level evaluation, the property at 366 Bruyère St is not a good comparable to the subject property at 2 Forsey St. Although it shares similarities in bathroom count and room count, differences in half bath count and age of the subject property significantly impact its comparability, resulting in a score of 1.30."
4764028,383 Daly Ave,1.293800950050354,"Based on the feature-level evaluation, the property at 383 Daly Ave is not a good comparable to the subject property at 2 Forsey St. The substantial differences in bath scores, full bath counts, and the age of the properties negatively impact its suitability as a comparable."
4764094,38 Deerbrooke Dr,3.955845355987549,"Based on the feature-level evaluation, the property at 38 Deerbrooke Dr is not a strong comparable to the subject property at 40 Bellroyal Crt. While there are similarities in terms of bathroom count, the slight difference in the number of full baths negatively impacts its comparability."
4764094,18 Becks Way,3.6074953079223633,"The property at 18 Becks Way is not a good comparable to the subject property at 40 Bellroyal Crt due to significant differences in gross living area and full bathroom count, which negatively impacted its score. Additionally, the higher number of rooms and half baths in 18 Becks Way could potentially skew the comparison."
4764094,123 Crestwood Pl,2.5720691680908203,"Based on the feature-level evaluation, the property at 123 Crestwood Pl is not a strong comparable to the subject property at 40 Bellroyal Crt. While it shares similarities in bathroom count, the differences in bedroom count and the fact that it did not sell recently significantly impact its comparability."
4764103,138 Banff Rd,1.5522140264511108,"Based on the feature-level evaluation, the property at 138 Banff Rd may not be a good comparable for the subject property at 10 Crofton Rd. The significant differences in gross living area (GLA) and lot size between the two properties heavily impacted the model score, suggesting they may not be similar enough to serve as reliable comparables."
4764103,142 Donlea Dr,1.1815052032470703,"Based on the feature-level evaluation, the property at 142 Donlea Dr is not a good comparable for the subject property at 10 Crofton Rd. Although it shares similarities in room count and bedroom numbers, the significant difference in lot size negatively impacts its comparability."
4764103,128 Donegall Dr,0.8464815616607666,"Based on the feature-level evaluation, the property at 128 Donegall Dr is not a good comparable to the subject property at 10 Crofton Rd. Although it shares similarities in bathroom and bedroom count, the significant difference in lot size negatively impacts its comparability. The model score of 0.85 suggests that while it has some similarities, it lacks key features to be a strong comparable property."
4765154,768 Cataraqui Woods Dr,0.8244869709014893,"The property at 768 Cataraqui Woods Dr is not a good comparable for the subject property at 844 Cataraqui Woods Dr due to significant differences in room count and gross living area, which negatively impact its similarity to the subject property. The differences in these key features outweigh the similarities in bathroom count, resulting in a lower model score of 0.82."
4765154,1131 Wintergreen Cres,0.6875908970832825,"Based on the feature-level evaluation, the property at 1131 Wintergreen Cres is not a good comparable to the subject property at 844 Cataraqui Woods Dr. The large discrepancy in room count between the two properties significantly impacts their comparability, resulting in a low model score of 0.69."
4765154,829 Larchwood Cres,0.3486097753047943,"The property at 829 Larchwood Cres is not a good comparable for the subject property at 844 Cataraqui Woods Dr due to significant differences in room count and lot size, which heavily impacted the model's evaluation. Additionally, the absolute difference in the number of full baths slightly lowered its comparability."
4765502,6673 Riverview Line,0.32295989990234375,"Based on the model evaluation, the property at 6673 Riverview Line is not a good comparable to the subject property at 6997 Creek Line. The significant differences in room count, absolute bedrooms, and absolute subject age negatively impact its comparability, resulting in a lower score of 0.32."
4765502,6129 Seventh Line W,0.11311396211385727,"Based on the model evaluation, the property at 6129 Seventh Line W is not a good comparable to the subject property at 6997 Creek Line Pain Court due to significant differences in room count and full bath quantities, negatively impacting its score. The differences in these key features indicate that the properties are not closely aligned in terms of their overall characteristics, making it a less suitable comparable."
4765502,23805 Merlin Rd,-0.8196666240692139,"Based on the feature-level evaluation, the property at 23805 Merlin Rd is not a good comparable to the subject property at 6997 Creek Line Pain Court. The significant difference in room count between the two properties negatively impacts the comparability, outweighing the slight similarities in bath and bedroom count."
4765899,67 Schooner Dr,0.5947292447090149,"The property at 67 Schooner Dr is not a good comparable for the subject property at 1753 Reginald Bart Dr due to significant differences in room count and absolute room count, which greatly impact the model's evaluation. Additionally, the age difference between the properties also negatively affects its comparability."
4765899,63 Schooner Dr,0.5169011950492859,"Based on the feature-level evaluation, the property at 63 Schooner Dr is not a good comparable to the subject property at 1753 Reginald Bart Dr due to significant differences in effective age, which heavily impacted the model's score. Additionally, the slight differences in bath count and room count also contributed to its lower ranking."
4765899,469 Freeman Cres,-1.2763193845748901,"The property at 469 Freeman Cres is not a good comparable for 1753 Reginald Bart Dr due to significant differences in room count, which heavily impacted the model's score. Additionally, the effective age difference and bath score difference also contribute to the lack of similarity between the two properties."
4765948,1-21 Cherry St,1.5271762609481812,"Based on the feature-level evaluation, the property at 1-21 Cherry St is not a good comparable to the subject property at 190 Rideau St. While it has similarities in certain features like room count, the differences in bedroom and bathroom configurations significantly impact its comparability score, indicating it may not accurately represent the subject property."
4765948,46 York St,1.0758904218673706,"The property at 46 York St is not a good comparable for the subject property at 190 RIDEAU ST due to significant differences in the absolute value of the bathroom score and the number of full baths. Additionally, the room count also slightly deviates, further reducing its comparability."
4765948,275 Division St,1.0680079460144043,"Based on the feature-level evaluation, the property at 275 Division St is not a good comparable to the subject property at 190 Rideau St. Although some features such as bath_score_diff and room_count_diff align well, differences in half baths, GLA, and absolute bath score differences significantly impact its comparability, resulting in a score of 1.07."
4766326,816 Dickens Ave,1.7785621881484985,"Based on the feature-level evaluation, the property at 816 Dickens Ave is not a good comparable to the subject property at 1004 Connery Ave. The significant difference in effective age negatively impacts its comparability, outweighing the similarities in room count and bedrooms. Additionally, the differences in bathroom features further reduce its suitability as a comparable property."
4766326,1035 Connery Ave,1.4569487571716309,"Based on the feature-level evaluation, the property at 1035 Connery Ave is not a good comparable to the subject property at 1004 Connery Ave. While the room count and effective age differences contribute positively to the score, the differences in bath scores and number of baths have a negative impact, resulting in a score of 1.46, indicating that it may not be a suitable comparable."
4766326,826 Hamlet Rd,0.8729897737503052,"Based on the feature-level evaluation, the property at 826 Hamlet Rd is a decent comparable to 1004 Connery Ave. The similarity in room count, bedrooms, and effective age contribute positively to its score, despite minor differences in bathroom features."
4766430,238 Willett St,3.9383487701416016,"Based on the feature-level evaluation, the property at 238 Willett St is not a strong comparable to the subject property at 96 Forestside Cres. While it shares similarities in bathroom features, the difference in the number of bedrooms negatively impacts its comparability, resulting in a lower overall model score of 3.94."
4766430,92 Forestside Cres,3.7393319606781006,"Based on the feature-level evaluation, the property at 92 Forestside Cres is not a strong comparable to the subject property at 96 Forestside Cres. While the properties have some similarities in terms of bathroom features, the negative impact of being sold recently decreases its overall comparability."
4766430,75 Forestside Cres,3.3018927574157715,"Based on the feature-level evaluation, the property at 75 Forestside Cres is not a good comparable to the subject property at 96 Forestside Cres. The significant difference in the number of half baths and the negative impact of the absolute difference in bedrooms and recent sale status indicate that these properties are not closely aligned in terms of key features."
4767066,1606-108 Waterfront Crt SW,3.2163243293762207,"Based on the feature-level evaluation, the property at 1606-108 Waterfront Crt SW is not a strong comparable to the subject property at 1606-730 2 Ave SW due to significant differences in effective age, room count, and bedroom count. The minor differences in bath count do not outweigh these key disparities."
4767066,2104-930 16 Ave SW,3.2163243293762207,"Based on the feature-level evaluation, the property at 2104-930 16 Ave SW is not a good comparable to the subject property at 1606-730 2 Ave SW. The differences in effective age and room count significantly impact its ranking, making it less suitable for comparison."
4767066,1112-730 2 Ave SW,3.2077760696411133,"Based on the feature-level evaluation, the property at 1112-730 2 Ave SW is not a strong comparable to the subject property at 1606-730 2 Ave SW. The significant difference in effective age negatively impacts its comparability, despite some similarities in room count and bedroom features."
4768014,328 Appalachian Cir,2.7114551067352295,"Based on the feature-level evaluation, the property at 328 Appalachian Cir is not a good comparable to the subject property at 45 Clonfadda Terr due to significant differences in lot size and absolute differences in bathroom scores and quantities. The model score of 2.71 indicates that it lacks similarity in key features affecting the overall comparability."
4768014,2402 Regatta Ave,2.5958173274993896,"Based on the feature-level model evaluation, the property at 2402 Regatta Ave is not a good comparable to the subject property at 45 Clonfadda Terr Nepean ON K2J 6E9. While it shares similarities in bathroom count and room count, differences in lot size and gross living area negatively impact its comparability."
4768014,111 Damselfly Way,2.047581434249878,"Based on the feature-level evaluation, the property at 111 Damselfly Way is not a good comparable to the subject property at 45 Clonfadda Terr Nepean. While it has similarities in bath-related features, the differences in room count and lot size significantly impact its comparability, resulting in a lower overall score of 2.05."
4768037,226 Kent St,1.2393990755081177,The property at 226 Kent St is not a good comparable for the subject property at 31 YOUNG ST due to significant differences in gross living area (GLA) and half bath count. The large disparity in room count also suggests that these properties may not be similar enough for a meaningful comparison.
4768037,168 Windsor St,1.2305570840835571,"Based on the feature-level evaluation, **168 Windsor St** is not a good comparable to **31 YOUNG ST**. While it shares similarities in room count and bedroom numbers, differences in lot size and bath features significantly impact its comparability, resulting in a low model score of 1.23."
4768037,1105 Haist Street,-0.4072491228580475,"Based on the feature-level model evaluation, the property at 1105 Haist Street is not a good comparable for the subject property at 31 Young Street. The significant differences in lot size and gross living area negatively impact its comparability, outweighing the similarities in bathroom count and room count."
4768126,550 Paine Ave,3.7034881114959717,"The property at 550 Paine Ave is not a good comparable for the subject property at 194 Calvington Ave due to the negative impact of being sold recently on its score. Additionally, the differences in the number of full baths and half baths do not significantly contribute to its comparability."
4768126,164 Calvington Ave,2.4019875526428223,"The property at 164 Calvington Ave is not a strong comparable for the subject property at 194 Calvington Ave due to differences in the number of bedrooms and recent sale status. While similarities in bathroom features slightly improve its ranking, these key disparities significantly impact its comparability."
4768126,524 Paine Ave,1.4338492155075073,"Based on the feature-level evaluation, 524 Paine Ave is not a good comparable to the subject property at 194 Calvington Ave. This is because the differences in room count, bedrooms, and the lack of recent sale negatively impact its suitability as a comparable property."
4768528,965 Linaria Walk,1.942787766456604,"Based on the feature-level evaluation, the property at 965 Linaria Walk is not a good comparable to the subject property at 710 Montrichard Rd. The significant differences in effective age, subject age, and lot size negatively impact its comparability, despite some similarities in bathroom quantities."
4768528,2282 Descartes St,1.7877095937728882,"Based on the feature-level evaluation, the property at 2282 Descartes St is not a good comparable to the subject property at 710 Montrichard Rd. The substantial difference in the number of half baths greatly influences the score, while the negligible difference in full baths and negative impact of age differences further weaken its comparability."
4768528,958 Socca Cres,1.5173829793930054,"The property at 958 Socca Cres is not a good comparable to the subject property at 710 Montrichard Rd due to significant differences in effective age, subject age, and number of bedrooms, which negatively impacted its score in the model evaluation. Additionally, the large discrepancy in half baths further contributes to the lack of comparability between the two properties."
4769110,3882 Novalea Dr,3.730093002319336,"Based on the feature-level evaluation, the property at 3882 Novalea Dr is not a good comparable to the subject property at 5551 Sentinal Square. While it has similarities in room count and bedrooms, the differences in features such as full baths and half baths significantly impact its comparability, resulting in a lower model score."
4769110,5617 Carriageway Cres,3.5072195529937744,"Based on the feature-level evaluation, the property at 5617 Carriageway Cres is not a good comparable for the subject property at 5551 Sentinal Sq. Although it shares similarities in room count and bedroom count, differences in full bath and half bath counts negatively impact its comparability."
4769110,3518 John Parr Dr,3.21158504486084,"Based on the feature-level evaluation, the property at 3518 John Parr Dr is not a good comparable to the subject property at 5551 Sentinal Sq. While it shares similarities in room count and bedroom differences, the differences in effective age and bathroom features contribute to a lower comparability score."
4769269,84343 Kent Line,2.985048294067383,"Based on the feature-level evaluation, the property at 84343 Kent Line is not a good comparable for the subject property at 84339 Kent Line Brussels. While there are similarities in the number of rooms and bedrooms, differences in lot size and bathroom features significantly impact its comparability, resulting in a low model score of 2.99."
4769269,253 Queen Street,0.8338323831558228,"The property at 253 Queen Street is not a good comparable for the subject property at 84339 Kent Line Brussels ON N0G1H0 due to significant differences in room count, which heavily impacted the model score. Additionally, the differences in bathroom attributes, such as full bath and bath score, also contributed to the lower ranking as a comparable property."
4769269,234 Henry Street,0.4044593870639801,"Based on the feature-level evaluation, the property at 234 Henry Street is not a good comparable for the subject property at 84339 Kent Line Brussels ON N0G1H0. The significant negative impact of the effective_age_diff feature suggests a substantial difference in the age or condition of the properties, making them less suitable for comparison."
4770115,116 Blackhorse Dr,2.324237108230591,"Based on the feature-level evaluation, the property at 116 Blackhorse Dr is not a good comparable to the subject property at 224 Blackhorse Dr. The significant differences in gross living area (GLA), room count, and the overall property layout make it less suitable for comparison despite some similarities in bathroom features."
4770115,189 Blackhorse Dr,2.0311665534973145,"Based on the feature-level evaluation, the property at 189 Blackhorse Dr is not a good comparable to the subject property at 224 Blackhorse Dr. While it shares similarities in room count and bedroom numbers, differences in full baths, half baths, and gross living area negatively impact its comparability."
4770115,13 Tilly Lane,1.6827995777130127,"Based on the feature-level evaluation, the property at 13 Tilly Lane is not a good comparable to the subject property at 224 Blackhorse Dr. The differences in lot size and room count significantly impact the comparability, as well as the slight difference in bath score."
4770310,261 Arthur St,1.7261637449264526,"Based on the feature-level evaluation, the property at 261 Arthur St is not a good comparable for the subject property at 174 South St Gananoque. The differences in room count, gross living area (GLA), and absolute full bath count significantly deviate from the subject property, impacting its comparability."
4770310,260 John St,1.7019745111465454,"Based on the feature-level evaluation, the property at 260 John St is not a good comparable for the subject property at 174 South St Gananoque. The significant differences in room count and lot size negatively impact its similarity to the subject property, outweighing the minor similarities in bath and bedroom count."
4770310,198 South St,1.107684850692749,"Based on the feature-level evaluation, the property at 198 South St is not a good comparable for the subject property at 174 South St Gananoque. Although there are similarities in bath and age differences, the significant difference in room count negatively impacts its comparability."
4771029,63 Martinview Cres NE,3.01558518409729,"Based on the model evaluation, the property at 63 Martinview Cres NE is not a good comparable to the subject property at 120 CASTLEGROVE RD NE due to significant differences in room count and subject property age, which resulted in a low model score of 3.02."
4771029,133 Saddlelake Grove NE,2.2424278259277344,"Based on the feature-level evaluation, the property at 133 Saddlelake Grove NE is not a good comparable to the subject property at 120 CASTLEGROVE RD NE due to significant differences in room count and bedrooms, which greatly impact the overall score. Additionally, the lack of differences in bathroom features suggests further dissimilarity in property characteristics."
4771029,286 Taravista Dr NE,1.8239308595657349,"Based on the feature-level evaluation, the property at 286 Taravista Dr NE is not a good comparable to the subject property at 120 CASTLEGROVE RD NE due to differences in room count, bedrooms, and bath types. Additionally, the lot size difference further reduces its comparability."
4771097,202-550 Talbot Pl,4.320362091064453,"The property at 202-550 Talbot Pl is not a good comparable for the subject property at 401 540 Talbot Pl. While it has some similarities in terms of bathroom and room count, the differences in half baths negatively impact its comparability, resulting in a lower model score."
4771097,305-540 Talbot Pl,3.8220276832580566,"Based on the feature-level evaluation, the property at 305-540 Talbot Pl is not a good comparable for the subject property at 401 540 Talbot Pl Gananoque ON K7G3C6. While it shares similarities in terms of bedrooms and bathrooms, differences in half baths and room count significantly impact its comparability."
4771097,404-610 William St S,1.208663821220398,"Based on the feature-level evaluation, the property at 404-610 William St S is not a good comparable for the subject property at 401 540 Talbot Pl. The substantial difference in room count (-0.45) significantly impacts the overall score, indicating that it is not a suitable match for comparison."
4771641,1134 Alpine Ave SW,3.497875928878784,"Based on the feature-level evaluation, the property at 1134 Alpine Ave SW is not a strong comparable for the subject property at 53 Lucas Place NW due to significant differences in room count and bedrooms. While the properties share similarities in bath score, the dissimilarities in these key features make it less ideal for comparison."
4771641,116 Ambleside Cres NW,3.3603053092956543,"Based on the feature-level evaluation, the property at 116 Ambleside Cres NW is not a good comparable for the subject property at 53 Lucas Place NW. While the similarities in bath_score, room count, and bedrooms slightly boost its ranking, the lack of differentiation in full baths and half baths negatively impact its suitability as a comparable property."
4771641,140 Carringford View NW,2.512052536010742,"Based on the model evaluation, the property at 140 Carringford View NW is not a good comparable to the subject property at 53 Lucas Place NW. While it shares similarities in room count and bedroom numbers, differences in full and half baths negatively impact its comparability."
4772017,6248 Taralea Pk NE,3.948477268218994,"Based on the feature-level evaluation, the property at 6248 Taralea Pk NE is not a good comparable for the subject property at 323 TARACOVE ESTATE DR NE. Although it shares similarities in room count and bedrooms, differences in bath-related features such as full baths and half baths significantly impact its comparability."
4772017,232 Taracove Rd NE,3.7157373428344727,"Based on the feature-level evaluation, the property at 232 Taracove Rd NE is not a strong comparable to the subject property at 323 Taracove Estate Dr NE. While it has similarities in room count and bedroom numbers, the differences in bath count do not align well, resulting in a lower model score."
4772017,39 Saddlemont Way NE,2.663957118988037,"Based on the feature-level evaluation, **39 Saddlemont Way NE** is not a good comparable for **323 TARACOVE ESTATE DR NE**. The differences in room count and bedroom count positively impact its suitability, but the significant difference in lot size negatively affects its comparability to the subject property."
4772152,193 Hidden Ranch Hill NW,3.281583070755005,"The property at 193 Hidden Ranch Hill NW is not a good comparable for the subject property at 9449 Hidden Valley Dr NW due to significant differences in room count, which heavily impacted the model's score. Additionally, the absolute lot size difference also played a negative role in its ranking."
4772152,10673 Hidden Valley Dr NW,3.222341537475586,"Based on the feature-level evaluation, the property at 10673 Hidden Valley Dr NW is not a good comparable for the subject property at 9449 Hidden Valley Dr NW due to significant differences in room count and lot size. The model score of 3.22 suggests that while there are some similarities, the disparities in these key features impact its overall comparability."
4772152,130 Hidden Ranch Rd NW,3.0996899604797363,"Based on the feature-level evaluation, the property at 130 Hidden Ranch Rd NW is not a good comparable to the subject property at 9449 Hidden Valley Dr NW due to significant differences in room count and lot size. The score of 3.10 indicates that it lacks similarity in key features affecting the comparison."
4773295,12017 Station Rd,0.5829604864120483,"The property at 12017 Station Rd is not a good comparable for the subject property at 52 Pyle Rd due to a significant difference in lot size, which heavily impacted the model's score. Despite some similarities in bathroom and room counts, the substantial disparity in lot size makes this property less suitable for comparison."
4773295,1584 North Shore Dr,0.43365657329559326,"Based on the feature-level evaluation, the property at 1584 North Shore Dr is not a good comparable to the subject property at 52 Pyle Rd. The significant differences in room count and lot size negatively impact its similarity to the subject property, outweighing the minor similarities in bathroom and bedroom counts."
4773295,40 Erie Heights Line,-0.7435457110404968,"Based on the feature-level evaluation, the property at 40 Erie Heights Line is not a good comparable to the subject property at 52 Pyle Rd Lowbanks. The significant differences in room count and gross living area (GLA) between the two properties heavily impacted its score, indicating that it may not accurately reflect the value of the subject property."
4773534,54025 Wellandport Rd,1.473469853401184,"Based on the model's evaluation, the property at 54025 Wellandport Rd is not a good comparable to the subject property at 44041 Hendershot Rd. While it has some similarities in room count and bedroom differences, the differences in bath-related features significantly affect its comparability score."
4773534,1376 Bird Road,0.37747126817703247,"Based on the feature-level evaluation, the property at 1376 Bird Road is not a good comparable for the subject property at 44041 Hendershot Rd. The significant difference in the gross living area (GLA) negatively impacts its comparability, as well as the fact that it was not sold recently. The differences in the number of half baths also contribute to its lower score."
4773534,4 Philips Court,0.36649447679519653,"Based on the feature-level evaluation, the property at 4 Philips Court is not a good comparable to the subject property at 44041 Hendershot Rd. The significant difference in gross living area (GLA) negatively impacts its comparability, along with the differences in lot size and age. Despite similarities in bathroom count, the dissimilarities in GLA and property age make it an unreliable comparable."
4773833,737 Concession Rd 2,0.6165745854377747,"Based on the feature-level evaluation, the property at 737 Concession Rd 2 is not a strong comparable for the subject property at 4315 Concession Rd 4. Although they have some similarities in terms of bathrooms and bedrooms, the significant difference in room count and effective age makes 737 Concession Rd 2 less suitable for comparison."
4773833,6040 Middle Side Rd,-0.9975929856300354,"Based on the feature-level evaluation, the property at 6040 Middle Side Rd is not a good comparable to the subject property at 4315 CONCESSION RD 4 N/A S Amherstburg. The significant difference in gross living area (GLA) negatively impacts its comparability, outweighing the similarities in bathroom count and room count."
4773833,7050 County Road 18,-1.148210883140564,"Based on the feature-level evaluation, the property at 7050 County Road 18 is not a good comparable to the subject property at 4315 CONCESSION RD 4 N/A S Amherstburg due to a significant difference in the gross living area (GLA), which heavily impacted the model score negatively. Additionally, the room count difference also contributed to the lack of comparability."
4775247,6 McIntyre Pl,1.858141541481018,"Based on the feature-level evaluation, the property at 6 McIntyre Pl is not a good comparable to the subject property at 12 Mcdougall St NW. While there are similarities in bath and bedroom counts, the significant difference in effective age and room count make it less suitable for comparison."
4775247,3 Lloyd Cres NE,1.4699732065200806,"Based on the feature-level evaluation, the property at 3 Lloyd Cres NE is not a good comparable to the subject property at 12 Mcdougall St NW due to a significant difference in the gross living area (GLA) compared to other similarities in bath and room count. The GLA difference of -0.46 greatly impacts the model's score, making it less suitable as a comparable property."
4775247,42 Besse Ave,0.9559736847877502,"Based on the feature-level evaluation, the property at 42 Besse Ave is not a good comparable for the subject property at 12 Mcdougall St NW Langdon AB T0J1X2. The significant difference in lot size negatively impacts its comparability, outweighing the similarities in bath and bedroom counts."
4775292,7167 Seventh Line,1.2804046869277954,"Based on the feature-level evaluation, the property at 7167 Seventh Line is not a good comparable for the subject property at 64232 COUNTY RD 3 East Garafraxa. While it shares similarities in room count and effective age, the differences in bedroom count and bathroom features significantly impact its comparability."
4775292,8 Hilltop Cres,0.9998524785041809,"Based on the feature-level evaluation, the property at 8 Hilltop Cres is not a good comparable for the subject property at 64232 COUNTY RD 3. While it shares similarities in room count and bedrooms, the significant difference in gross living area (GLA) negatively impacts its comparability. Additionally, the lack of variation in bathroom features further limits its suitability as a comparable property."
4775292,5739 Sixth Line,0.8181989789009094,"Based on the feature-level evaluation, the property at 5739 Sixth Line is not a good comparable for the subject property at 64232 COUNTY RD 3. While it ranks high in terms of room count and bedroom similarity, the significant difference in gross living area (GLA) negatively impacts its comparability."
4775785,116 Dowdle Rd,1.9669677019119263,"Based on the feature-level model evaluation, the property at 116 Dowdle Rd is not a good comparable to the subject property at 1841 Fisk Rd due to significant differences in lot size and the number of half baths, which negatively impact its score. Additionally, the differences in these features outweigh the similarities in bath count and room count."
4775785,3858 County Rd 1 E,1.711814284324646,"Based on the feature-level evaluation, the property at 3858 County Rd 1 E is not a good comparable for the subject property at 1841 Fisk Rd. The significant difference in effective age negatively impacts its comparability despite some similarities in bath count and bedroom quantity."
4775785,1977 Thorpe Road,1.3942506313323975,"Based on the feature-level evaluation, the property at 1977 Thorpe Road is not a good comparable to the subject property at 1841 Fisk Rd Odessa ON K0H2H0. The significant differences in room count and lot size negatively impact its comparability, despite similarities in bathroom features."
4775892,42 Sandringham Crt,4.01250696182251,"The property at 42 Sandringham Crt is not a good comparable for the subject property at 84 Carleton Pl due to differences in bath scoring metrics, specifically in bath_score_diff and abs_full_bath_diff, which significantly impacted its ranking. Additionally, the room_count_diff being relatively higher further differentiates these properties in terms of size and layout."
4775892,41 Lincoln Crt,3.7385575771331787,"Based on the feature-level evaluation, the property at 41 Lincoln Crt is a decent comparable to the subject property at 84 Carleton Pl Brampton. The similarity in bathroom configuration and bath score difference contribute positively to its comparability, although other features may need to be considered for a more comprehensive assessment."
4775892,238 Fleetwood Cres,2.0532968044281006,"Based on the feature-level evaluation, the property at 238 Fleetwood Cres is not a good comparable to the subject property at 84 Carleton Pl. The significant difference in effective age between the two properties greatly impacts their comparability, making the model score of 2.05 less reliable for assessing their similarity."
4776066,161 Everoak Cir SW,3.7821829319000244,"The property at 161 Everoak Cir SW is not a strong comparable to the subject property at 299 Everoak Dr SW due to differences in the number of bathrooms and recent sale status, which negatively impacted its score. The slight differences in bath scores and the presence of half baths do not outweigh these disparities, resulting in a lower overall ranking."
4776066,320 Everglade Cir SW,3.4417152404785156,"Based on the feature-level evaluation, the property at 320 Everglade Cir SW is not a strong comparable to the subject property at 299 Everoak Dr SW. The significant difference in room count negatively impacts its comparability, despite minor differences in bathroom features. Additionally, the fact that it has not sold recently also diminishes its suitability as a comparable property."
4776066,278 Everoak Drive SW,2.5024209022521973,"Based on the model evaluation, the property at 278 Everoak Drive SW is not a strong comparable to the subject property at 299 Everoak Dr SW due to differences in lot size, recent selling status, and minimal differences in bathroom quantities. The score of 2.50 suggests that there are better comparables available that align more closely with the subject property's features."
4776534,25 Timberline Crt SW,1.9340620040893555,"Based on the feature-level evaluation, the property at 25 Timberline Crt SW is not an ideal comparable to the subject property at 29 Timberline Crt SW. The differences in room count and effective age significantly impact the comparability, resulting in a lower model score of 1.93."
4776534,75 Aspen Summit Crt SW,-1.3354815244674683,"Based on the feature-level evaluation, the property at 75 Aspen Summit Crt SW is not a good comparable to the subject property at 29 Timberline Crt SW. The significant difference in subject_age makes it less suitable for comparison, outweighing the minor similarities in the number of bedrooms and bathrooms."
4776534,25 Timberline Court SW,-1.7313158512115479,"Based on the model evaluation, the property at 25 Timberline Court SW is not a good comparable for the subject property at 29 Timberline Crt SW due to significant differences in age, lot size, and gross living area. Additionally, the differences in bathroom features further contribute to its lower ranking, making it less suitable for comparison."
4776574,579 Copperpond Cir SE,2.4055356979370117,"Based on the feature-level evaluation, the property at 579 Copperpond Cir SE is not a strong comparable to the subject property at 58 Copperleaf Terr SE. While it shares similarities in the number of full baths and the bath score, differences in lot size, gross living area, and recent sale status contribute to its lower model score."
4776574,3 Copperleaf Pk SE,2.3162615299224854,"Based on the feature-level evaluation, the property at 3 Copperleaf Pk SE is not a good comparable to the subject property at 58 Copperleaf Terr SE. The significant difference in room count and the fact that it has not sold recently negatively impact its suitability as a comparable property."
4776574,2224 Brightoncrest Green SE,1.979458212852478,"Based on the feature-level evaluation, the property at 2224 Brightoncrest Green SE is not a good comparable to the subject property at 58 Copperleaf Terr SE. The significant differences in room count, lot size, and lack of recent sale negatively impact its suitability as a comparable property."
4776648,605 Truedell Rd,0.9964832663536072,"Based on the feature-level evaluation, 605 Truedell Rd is not a good comparable to 576 Chesham Pl. The significant difference in room count negatively impacts the comparability, outweighing the similarities in bath and bedroom counts."
4776648,862 Kilburn St,0.8602801561355591,"Based on the feature-level evaluation, the property at 862 Kilburn St is not a good comparable to the subject property at 576 Chesham Pl. The significant difference in room count between the two properties heavily impacted the model score, indicating that they may not be similar in size or layout."
4776648,355 Boxwood St,0.49529242515563965,"Based on the feature-level evaluation, the property at 355 Boxwood St is not a good comparable to the subject property at 576 Chesham Pl. Although it has similarities in bath and bedroom counts, the significant difference in effective age and room count negatively impacts its comparability."
4777578,115 Hanson Dr NE,3.309925079345703,"Based on the feature-level evaluation, the property at 115 Hanson Dr NE is not a strong comparable to the subject property at 260 Boulder Creek Cres. The differences in the number of full and half baths, as well as the bath score, are minor and could potentially make it a decent match. However, the negative impact of the property not being sold recently lowers its overall ranking as a comparable."
4777578,565 Boulder Creek Cir,2.5159623622894287,"Based on the feature-level evaluation, the property at 565 Boulder Creek Cir is not a good comparable to the subject property at 260 Boulder Creek Cres due to significant differences in lot size and absolute lot size difference, which greatly impacted its score negatively. Additionally, the absolute full bath difference also slightly affected its ranking."
4777578,264 Boulder Creek Dr,2.2778496742248535,"Based on the feature-level evaluation, **264 Boulder Creek Dr** is not a good comparable for **260 Boulder Creek Cres**. While they have similar bath configurations and room counts, differences in full baths, lot size, and gross living area negatively impact the comparability, resulting in a lower model score of 2.28."
4777828,14 Grundy Cres,1.2690746784210205,"Based on the feature-level evaluation, the property at 14 Grundy Cres is not a good comparable for the subject property at 32 Hilborn St due to significant differences in room count, effective age, and bathroom amenities, resulting in a model score of 1.27."
4777828,13 Grundy Cres,1.0480914115905762,"Based on the feature-level evaluation, the property at 13 Grundy Cres is not a good comparable to the subject property at 32 Hilborn St due to significant differences in room count, bedrooms, and effective age. Additionally, the lack of variation in bathroom features further diminishes its comparability."
4777828,77 Taylor Dr,0.8661133646965027,"Based on the feature-level evaluation, the property at 77 Taylor Dr is not a good comparable for the subject property at 32 Hilborn St due to significant differences in subject_age, which heavily impacts the model score. Other differences in bedrooms and effective age also contribute to the lower comparability score."
4778326,164 Sandpiper Cir NW,2.539337158203125,"Based on the feature-level model evaluation, the property at 164 Sandpiper Cir NW is not a good comparable for the subject property at 184 Sandpiper Cir NW. While it shares similarities in terms of full baths and half baths, the significant difference in room count and lot size negatively impacts its comparability."
4778326,123 Sandringham Pl NW,2.039041042327881,"Based on the feature-level evaluation, the property at 123 Sandringham Pl NW is not a good comparable to the subject property at 184 Sandpiper Cir NW. The significant difference in lot size negatively impacts its comparability, outweighing the similarities in bathroom count and room quantity."
4778326,108 Macewan Park Green NW,1.058785319328308,"Based on the feature-level evaluation, the property at 108 Macewan Park Green NW is not a good comparable to the subject property at 184 Sandpiper Cir NW. The significant difference in lot size (-0.32) greatly impacts the comparability, outweighing any similarities in bath count and room count."
4778535,1521 27 Ave SW,2.46563982963562,"Based on the feature-level evaluation, the property at 1521 27 Ave SW is not a good comparable for the subject property at 1633 27 Ave SW. The differences in room count, bedrooms, and bath scores contribute positively to its ranking, but the differences in lot size, full baths, and half baths have a negative impact, resulting in a score of 2.47, indicating significant disparities between the properties."
4778535,4724 Stanley Rd SW,2.259211540222168,"Based on the feature-level model evaluation, the property at 4724 Stanley Rd SW is not a good comparable for the subject property at 1633 27 AVE SW. While there are similarities in full baths and room count, differences in half baths and lot size negatively impact its comparability."
4778535,1527 28 Ave SW,1.424070119857788,"Based on the feature-level evaluation, the property at 1527 28 Ave SW is not a good comparable to the subject property at 1633 27 Ave SW due to significant differences in subject_age, lot_size_sf, and room_count. The model score of 1.42 indicates that it ranks lower as a comparable due to these differences."
4778557,56 Douglasview Rise SE,3.097071647644043,"Based on the feature-level evaluation, **56 Douglasview Rise SE** is not a good comparable to **3666 Douglas Woods Hts SE**. While it shares similarities in bathroom and bedroom count, the significant difference in effective age negatively impacts its comparability to the subject property. Additionally, the lower room count further diminishes its suitability as a comparable property."
4778557,3617 Douglas Woods Hts SE,2.909980535507202,"Based on the feature-level evaluation, the property at 3617 Douglas Woods Hts SE is not a good comparable to the subject property at 3666 Douglas Woods Hts SE. The significant differences in lot size and room count negatively impact its comparability, despite similarities in bathroom features."
4778557,739 Queensland Dr SE,1.6518006324768066,"Based on the feature-level evaluation, **739 Queensland Dr SE** is not a good comparable for **3666 Douglas Woods Hts SE**. The significant difference in lot size (-0.16) and the lower room count (-0.03) negatively impact its suitability as a comparable property, despite some similarities in bathroom and bedroom counts."
4778791,403-501 Frontenac St,3.655104875564575,"Based on the feature-level evaluation, the property at 403-501 Frontenac St is not a strong comparable to the subject property at 603 223 Princess St. While it shares similarities in room count and bedroom numbers, differences in bathroom counts and age indicate significant dissimilarities that could impact the accuracy of the comparison."
4778791,920-652 Princess St,2.8193562030792236,"Based on the feature-level evaluation, the property at 920-652 Princess St is not a good comparable to the subject property at 603 223 Princess St. The significant difference in room count negatively impacts its comparability despite some minor similarities in bath and bedroom count."
4778791,701-121 Queen St,2.059741258621216,"The property at 701-121 Queen St is not a good comparable for the subject property at 603 223 Princess St due to significant differences in room count, which heavily impacted its score negatively. Additionally, the effective age difference being significantly higher also indicates a mismatch in the overall property characteristics."
4778794,403-501 Frontenac St,3.655104875564575,"Based on the feature-level evaluation, **403-501 Frontenac St** is not a good comparable for **501 223 PRINCESS ST**. While it has similarities in room count and bedroom differences, the differences in bathroom features significantly impact its comparability score, indicating it may not accurately reflect the subject property."
4778794,920-652 Princess St,2.8193562030792236,"Based on the feature-level evaluation, the property at 920-652 Princess St is not a good comparable to the subject property at 501 223 Princess St. Although it has some similarities in terms of bath score and effective age, the differences in room count and bedroom numbers significantly impact its comparability."
4778794,701-121 Queen St,2.059741258621216,"The property at 701-121 Queen St is not a good comparable for the subject property at 501 223 Princess St due to significant differences in the room count, which resulted in a lower model score. Additionally, the effective age difference of 1.80 indicates a substantial disparity in the age of the properties, further reducing their comparability."
4778797,403-501 Frontenac St,2.8328826427459717,"Based on the feature-level evaluation, the property at 403-501 Frontenac St is not a good comparable for the subject property at 718 223 Princess St. The differences in room count, subject age, and absolute full bath count significantly impact the overall similarity, resulting in a lower model score of 2.83."
4778797,920-652 Princess St,2.5015506744384766,"Based on the feature-level evaluation, the property at 920-652 Princess St is not a good comparable for the subject property at 718 223 Princess St. The differences in room count and absolute full bath count significantly impacted its score, making it less comparable to the subject property."
4778797,701-121 Queen St,1.4675052165985107,"Based on the feature-level evaluation, the property at 701-121 Queen St is not a good comparable for the subject property at 718 223 Princess St. The significant difference in room count negatively impacts its comparability, outweighing slight similarities in bathroom count and bedrooms. Additionally, the substantial difference in effective age further diminishes its suitability as a comparable property."
4779669,61 Bush Clover Cres,3.614074230194092,"Based on the feature-level evaluation, the property at 61 Bush Clover Cres is not a strong comparable for the subject property at 81 Eastforest Trail. Although the room count difference positively impacts its ranking, the differences in lot size and half baths have a negative impact, making it less ideal for comparison."
4779669,85 Eastforest Trail,3.5476601123809814,"The property at 85 Eastforest Trail is not a good comparable for the subject property at 81 Eastforest Trail due to the significant difference in room count and slight differences in bedroom count. Additionally, the slight difference in lot size could also impact the comparability."
4779669,7 Peach Blossom Cres,1.5512102842330933,"Based on the feature-level evaluation, the property at 7 Peach Blossom Cres is not a good comparable to the subject property at 81 Eastforest Trail. While the properties have similar bedroom and bathroom counts, the significant difference in effective age and room count negatively impact its comparability, resulting in a low model score of 1.55."
